거래일시,나감/들어옴,방법,상대,금액(원),판단,걸린 약속,AI 점수(0~1),보내기 전 확인
2026-03-02 16:49,나감,카드 결제,회사 구내식당,11100,괜찮아요,,0.0000,
2026-03-02 21:15,나감,카드 결제,분식집,15600,괜찮아요,,0.0000,
2026-03-03 15:17,나감,카드 결제,동네마트,16500,괜찮아요,,0.0000,
2026-03-04 16:46,나감,카드 결제,동네마트,3800,괜찮아요,,0.0000,
2026-03-04 17:40,나감,카드 결제,회사 구내식당,9100,괜찮아요,,0.0000,
2026-03-05 18:43,나감,현금 찾기,ATM,20000,괜찮아요,,0.0000,
2026-03-06 18:50,나감,카드 결제,동네편의점,14400,괜찮아요,,0.0000,
2026-03-07 11:49,나감,카드 결제,동네마트,9500,괜찮아요,,0.0000,
2026-03-07 12:33,나감,카드 결제,영화관,111000,확인해요,큰 금액 결제,0.0000,
2026-03-07 19:28,나감,카드 결제,동네편의점,3900,괜찮아요,,0.0000,
2026-03-08 09:15,나감,카드 결제,동네마트,10200,괜찮아요,,0.0000,
2026-03-08 13:07,나감,카드 결제,회사 구내식당,6400,괜찮아요,,0.0000,
2026-03-08 16:06,나감,카드 결제,동네편의점,5800,괜찮아요,,0.0000,
2026-03-09 12:35,나감,카드 결제,분식집,7800,괜찮아요,,0.0000,
2026-03-10 10:15,들어옴,들어온 돈,가상회사 급여,1845000,괜찮아요,,0.0000,
2026-03-10 12:41,나감,카드 결제,동네마트,5300,괜찮아요,,0.0000,
2026-03-10 19:29,나감,카드 결제,약국,11900,괜찮아요,,0.0000,
2026-03-11 13:40,나감,카드 결제,약국,13900,괜찮아요,,0.0000,
2026-03-11 21:29,나감,휴대폰 결제,게임아이템,5000,괜찮아요,,0.0000,
2026-03-12 14:22,나감,현금 찾기,ATM,30000,괜찮아요,,0.0000,
2026-03-12 20:23,나감,카드 결제,약국,10300,괜찮아요,,0.0000,
2026-03-14 19:28,나감,카드 결제,약국,9300,괜찮아요,,0.0000,
2026-03-17 10:32,나감,카드 결제,회사 구내식당,14400,괜찮아요,,0.2519,
2026-03-17 12:15,나감,카드 결제,동네마트,10600,괜찮아요,,0.0076,
2026-03-17 13:09,나감,계좌 이체,엄마,45000,괜찮아요,,0.9237,
2026-03-17 17:39,나감,카드 결제,동네마트,13300,괜찮아요,,0.1374,
2026-03-19 20:27,나감,카드 결제,동네편의점,2400,괜찮아요,,0.6412,
2026-03-20 08:27,나감,카드 결제,동네마트,6500,괜찮아요,,0.6107,
2026-03-20 13:56,나감,카드 결제,동네편의점,10200,괜찮아요,,0.0000,
2026-03-21 13:16,나감,카드 결제,동네편의점,8100,괜찮아요,,0.0382,
2026-03-22 13:23,나감,카드 결제,동네편의점,20300,괜찮아요,,0.2977,
2026-03-23 19:04,나감,카드 결제,동네마트,4500,괜찮아요,,0.3893,
2026-03-24 08:22,나감,계좌 이체,모임 회비,25000,괜찮아요,,0.9542,
2026-03-24 15:11,나감,카드 결제,회사 구내식당,6100,괜찮아요,,0.1221,
2026-03-25 10:26,나감,휴대폰 요금,가나통신,56970,괜찮아요,,0.9771,
2026-03-25 11:37,나감,카드 결제,회사 구내식당,4800,괜찮아요,,0.2290,
2026-03-27 12:07,나감,카드 결제,동네편의점,13800,괜찮아요,,0.3130,
2026-03-27 20:17,나감,카드 결제,동네편의점,3700,괜찮아요,,0.4580,
2026-03-28 01:22,나감,카드 결제,동네편의점,16900,괜찮아요,,0.8626,
2026-03-28 09:42,나감,카드 결제,동네마트,5400,괜찮아요,,0.3969,
2026-03-29 12:01,나감,카드 결제,분식집,7800,괜찮아요,,0.1908,
2026-03-30 18:37,나감,카드 결제,카페,5100,괜찮아요,,0.8015,
2026-03-31 11:07,나감,카드 결제,동네편의점,6100,괜찮아요,,0.3664,
2026-03-31 12:36,나감,카드 결제,분식집,19900,괜찮아요,,0.2595,
2026-04-01 00:17,나감,카드 결제,동네편의점,8300,괜찮아요,,0.8397,
2026-04-01 13:14,나감,카드 결제,회사 구내식당,4100,괜찮아요,,0.4122,
2026-04-02 13:43,나감,카드 결제,카페,13700,괜찮아요,,0.1756,
2026-04-02 13:44,나감,카드 결제,동네편의점,4400,괜찮아요,,0.5954,
2026-04-02 19:10,나감,카드 결제,동네편의점,7400,괜찮아요,,0.5573,
2026-04-02 19:46,나감,카드 결제,동네편의점,11000,괜찮아요,,0.5344,
2026-04-03 15:44,나감,카드 결제,동네편의점,12900,괜찮아요,,0.6336,
2026-04-03 19:46,나감,현금 찾기,ATM,50000,괜찮아요,,0.7557,
2026-04-04 09:21,나감,카드 결제,회사 구내식당,19400,괜찮아요,,0.6260,
2026-04-04 13:16,나감,카드 결제,동네편의점,5100,괜찮아요,,0.6718,
2026-04-04 19:44,나감,카드 결제,동네편의점,17600,괜찮아요,,0.6489,
2026-04-04 19:59,나감,카드 결제,동네편의점,9600,괜찮아요,,0.7099,
2026-04-05 13:19,나감,카드 결제,동네마트,13800,괜찮아요,,0.4504,
2026-04-05 18:35,나감,카드 결제,동네편의점,25300,괜찮아요,,0.8473,
2026-04-08 20:07,나감,카드 결제,약국,26800,괜찮아요,,0.5420,
2026-04-08 20:22,나감,계좌 이체,엄마,45000,괜찮아요,,0.7252,
2026-04-09 19:58,나감,카드 결제,회사 구내식당,24300,괜찮아요,,0.3282,
2026-04-10 09:28,들어옴,들어온 돈,가상회사 급여,1995000,괜찮아요,,0.9924,
2026-04-10 10:17,나감,카드 결제,카페,7800,괜찮아요,,0.3206,
2026-04-10 19:58,나감,계좌 이체,엄마,20000,괜찮아요,,0.7481,
2026-04-11 19:14,나감,카드 결제,동네편의점,6900,괜찮아요,,0.1832,
2026-04-12 14:43,나감,카드 결제,약국,11100,괜찮아요,,0.0305,
2026-04-12 20:57,나감,카드 결제,회사 구내식당,2900,괜찮아요,,0.5191,
2026-04-13 13:48,나감,카드 결제,동네편의점,2100,괜찮아요,,0.4885,
2026-04-13 20:18,나감,계좌 이체,엄마,35000,괜찮아요,,0.9618,
2026-04-14 11:20,나감,카드 결제,카페,5800,괜찮아요,,0.0916,
2026-04-15 14:06,나감,카드 결제,동네마트,5500,괜찮아요,,0.0992,
2026-04-15 19:27,나감,카드 결제,동네편의점,7600,괜찮아요,,0.1450,
2026-04-16 12:11,나감,카드 결제,분식집,18100,괜찮아요,,0.3511,
2026-04-16 14:38,나감,카드 결제,동네편의점,12100,괜찮아요,,0.2366,
2026-04-16 18:15,나감,카드 결제,미용실,7100,괜찮아요,,0.7786,
2026-04-16 20:09,나감,카드 결제,동네편의점,10500,괜찮아요,,0.4351,
2026-04-16 20:21,나감,계좌 이체,엄마,50000,괜찮아요,,0.9466,
2026-04-17 19:12,나감,카드 결제,동네마트,21400,괜찮아요,,0.3359,
2026-04-17 19:43,나감,카드 결제,동네편의점,4100,괜찮아요,,0.6031,
2026-04-17 21:22,나감,카드 결제,회사 구내식당,7700,괜찮아요,,0.5038,
2026-04-18 00:17,나감,계좌 이체,엄마,20000,괜찮아요,,0.9695,
2026-04-19 10:06,나감,현금 찾기,ATM,100000,괜찮아요,,0.9084,
2026-04-19 15:00,나감,카드 결제,동네마트,5700,괜찮아요,,0.2061,
2026-04-19 18:06,나감,카드 결제,동네마트,9300,괜찮아요,,0.3588,
2026-04-21 08:26,나감,휴대폰 결제,음원 이용료,4400,괜찮아요,,0.8931,
2026-04-22 14:00,나감,카드 결제,카페,7200,괜찮아요,,0.1985,
2026-04-23 17:49,나감,카드 결제,회사 구내식당,7600,괜찮아요,,0.0763,
2026-04-23 19:54,나감,계좌 이체,모임 회비,25000,괜찮아요,,0.7634,
2026-04-24 12:35,나감,카드 결제,동네편의점,19000,괜찮아요,,0.1069,
2026-04-24 20:10,나감,카드 결제,동네편의점,8400,괜찮아요,,0.0534,
2026-04-25 10:57,나감,휴대폰 요금,가나통신,57520,괜찮아요,,0.7863,
2026-04-25 19:16,나감,카드 결제,분식집,5800,괜찮아요,,0.2214,
2026-04-25 21:19,나감,계좌 이체,엄마,40000,괜찮아요,,0.7176,
2026-04-26 17:10,나감,카드 결제,동네편의점,4400,괜찮아요,,0.2672,
2026-04-27 19:34,나감,카드 결제,동네편의점,7500,괜찮아요,,0.0687,
2026-04-28 21:07,나감,카드 결제,카페,13900,괜찮아요,,0.3740,
2026-04-30 12:13,나감,카드 결제,동네편의점,5900,괜찮아요,,0.4427,
2026-04-30 20:57,나감,현금 찾기,ATM,50000,괜찮아요,,0.7328,
2026-05-01 09:16,나감,카드 결제,약국,2500,괜찮아요,,0.6641,
2026-05-01 14:32,나감,카드 결제,동네마트,8300,괜찮아요,,0.0229,
2026-05-01 18:29,나감,카드 결제,동네편의점,13000,괜찮아요,,0.4046,
2026-05-01 19:36,나감,계좌 이체,엄마,10000,괜찮아요,,0.6183,
2026-05-03 13:09,나감,카드 결제,카페,38000,괜찮아요,,0.4656,
2026-05-04 15:39,나감,카드 결제,동네마트,12200,괜찮아요,,0.0611,
2026-05-04 16:11,나감,카드 결제,회사 구내식당,7400,괜찮아요,,0.1603,
2026-05-04 16:15,나감,계좌 이체,엄마,30000,괜찮아요,,0.5649,
2026-05-06 12:25,나감,카드 결제,동네편의점,26600,괜찮아요,,0.4809,
2026-05-07 17:34,나감,카드 결제,동네마트,4300,괜찮아요,,0.2824,
2026-05-07 18:49,나감,카드 결제,약국,20100,괜찮아요,,0.3053,
2026-05-07 19:55,나감,카드 결제,동네편의점,15000,괜찮아요,,0.2443,
2026-05-09 10:39,나감,카드 결제,회사 구내식당,10000,괜찮아요,,0.0840,
2026-05-09 11:54,나감,카드 결제,카페,7600,괜찮아요,,0.1145,
2026-05-10 08:01,나감,카드 결제,동네편의점,10000,괜찮아요,,0.6947,
2026-05-10 09:35,들어옴,들어온 돈,가상회사 급여,1904000,괜찮아요,,0.9847,
2026-05-10 18:26,나감,카드 결제,동네편의점,3800,괜찮아요,,0.5115,
2026-05-11 09:33,나감,계좌 이체,동생,80000,괜찮아요,,0.9160,
2026-05-11 10:31,나감,카드 결제,회사 구내식당,3800,괜찮아요,,0.5267,
2026-05-11 13:03,나감,카드 결제,약국,28700,괜찮아요,,0.4962,
2026-05-11 14:50,나감,카드 결제,동네편의점,3600,괜찮아요,,0.5878,
2026-05-11 17:24,나감,카드 결제,회사 구내식당,5800,괜찮아요,,0.2901,
2026-05-12 01:38,나감,카드 결제,동네편의점,22100,괜찮아요,,0.9389,
2026-05-12 09:43,나감,카드 결제,분식집,10400,괜찮아요,,0.5496,
2026-05-13 00:59,나감,카드 결제,동네편의점,12100,괜찮아요,,0.9313,
2026-05-13 16:19,나감,카드 결제,동네편의점,8000,괜찮아요,,0.5802,
2026-05-13 18:33,나감,카드 결제,동네마트,7300,괜찮아요,,0.4198,
2026-05-13 18:49,나감,카드 결제,동네편의점,13500,괜찮아요,,0.7023,
2026-05-14 12:08,나감,카드 결제,생활용품점,9100,괜찮아요,,0.8550,
2026-05-14 14:31,나감,카드 결제,동네편의점,3800,괜찮아요,,0.8321,
2026-05-14 14:33,나감,카드 결제,회사 구내식당,5500,괜찮아요,,0.6870,
2026-05-15 11:17,나감,카드 결제,동네편의점,29600,괜찮아요,,0.8702,
2026-05-16 20:44,나감,카드 결제,카페,9700,괜찮아요,,0.5725,
2026-05-17 09:45,나감,카드 결제,동네마트,4200,괜찮아요,,0.6794,
2026-05-18 12:28,나감,카드 결제,동네마트,11700,괜찮아요,,0.4275,
2026-05-18 19:30,나감,카드 결제,빵집 2호점,14600,괜찮아요,,0.7939,
2026-05-18 20:41,나감,카드 결제,빵집 2호점,136000,괜찮아요,,0.8092,
2026-05-20 18:08,나감,카드 결제,카페,12600,괜찮아요,,0.2137,
2026-05-21 01:12,나감,카드 결제,동네편의점,16400,괜찮아요,,0.8855,
2026-05-21 13:35,나감,계좌 이체,엄마,70000,괜찮아요,,0.6565,
2026-05-21 13:36,나감,카드 결제,회사 구내식당,24400,괜찮아요,,0.3435,
2026-05-22 16:30,나감,계좌 이체,엄마,60000,괜찮아요,,0.7405,
2026-05-23 13:21,나감,카드 결제,동네편의점,3400,괜찮아요,,0.2748,
2026-05-23 14:32,나감,계좌 이체,동생,85000,괜찮아요,,0.8168,
2026-05-23 19:33,나감,카드 결제,카페,14500,괜찮아요,,0.1679,
2026-05-24 12:20,나감,카드 결제,동네편의점,8200,괜찮아요,,0.0153,
2026-05-25 10:37,나감,휴대폰 요금,가나통신,55950,괜찮아요,,0.7710,
2026-05-25 15:08,나감,카드 결제,동네편의점,6000,괜찮아요,,0.1298,
2026-05-25 23:52,나감,카드 결제,동네편의점,11700,괜찮아요,,0.8244,
2026-05-26 23:05,나감,카드 결제,동네편의점,14300,괜찮아요,,0.8779,
2026-05-28 19:31,나감,카드 결제,약국,4900,괜찮아요,,0.3817,
2026-05-29 08:30,나감,계좌 이체,엄마,45000,괜찮아요,,0.9008,
2026-05-29 10:46,나감,카드 결제,카페,14300,괜찮아요,,0.1527,
2026-05-29 19:24,나감,카드 결제,카페,5900,괜찮아요,,0.0458,
2026-05-30 20:06,나감,계좌 이체,동생,30000,괜찮아요,,0.4733,
2026-05-31 09:48,나감,카드 결제,회사 구내식당,45300,괜찮아요,,0.6412,
2026-05-31 13:31,나감,계좌 이체,한*솔,90000,괜찮아요,,0.9313,
2026-05-31 16:56,나감,계좌 이체,한*솔,80000,괜찮아요,,0.8931,
2026-05-31 20:04,나감,카드 결제,회사 구내식당,5800,괜찮아요,,0.1450,
2026-05-31 20:41,나감,계좌 이체,한*솔,110000,꼭 확인해요,한 사람에게 송금 집중,0.9542,
2026-06-01 09:48,나감,계좌 이체,한*솔,80000,꼭 확인해요,한 사람에게 송금 집중,0.9695,
2026-06-01 12:54,나감,카드 결제,동네편의점,8700,괜찮아요,,0.1756,
2026-06-01 13:00,나감,카드 결제,동네편의점,8000,괜찮아요,,0.3817,
2026-06-01 13:14,나감,계좌 이체,한*솔,80000,꼭 확인해요,한 사람에게 송금 집중,0.9695,
2026-06-01 15:20,나감,계좌 이체,한*솔,20000,꼭 확인해요,한 사람에게 송금 집중,0.9695,
2026-06-02 11:22,나감,카드 결제,회사 구내식당,6500,괜찮아요,,0.2977,
2026-06-02 21:58,나감,카드 결제,김밥집,57000,괜찮아요,,0.9160,
2026-06-03 11:20,나감,카드 결제,약국,7100,괜찮아요,,0.1221,
2026-06-03 18:44,나감,카드 결제,약국,19200,괜찮아요,,0.3740,
2026-06-04 16:49,나감,계좌 이체,한*솔,130000,꼭 확인해요,한 사람에게 송금 집중,0.9695,
2026-06-04 20:34,나감,카드 결제,동네편의점,11500,괜찮아요,,0.3817,
2026-06-05 14:02,나감,카드 결제,동네편의점,6100,괜찮아요,,0.2366,
2026-06-06 12:27,나감,카드 결제,동네편의점,7800,괜찮아요,,0.4962,
2026-06-06 13:31,나감,카드 결제,동네편의점,3600,괜찮아요,,0.6336,
2026-06-06 16:19,나감,카드 결제,동네편의점,30700,괜찮아요,,0.7176,
2026-06-06 20:14,나감,카드 결제,분식집,10900,괜찮아요,,0.3969,
2026-06-07 11:14,나감,카드 결제,휴대폰 매장,128000,꼭 확인해요,처음 가는 곳 큰 금액 결제,0.9542,
2026-06-07 19:52,나감,계좌 이체,동생,80000,괜찮아요,,0.8092,
2026-06-08 13:37,나감,카드 결제,귀금속점,224000,꼭 확인해요,처음 가는 곳 큰 금액 결제,0.9542,
2026-06-08 18:18,나감,카드 결제,동네편의점,19200,괜찮아요,,0.5954,
2026-06-09 08:49,나감,카드 결제,분식집,17800,괜찮아요,,0.6565,
2026-06-09 12:01,나감,계좌 이체,엄마,15000,괜찮아요,,0.5038,
2026-06-10 00:37,나감,카드 결제,동네편의점,3800,괜찮아요,,0.9542,
2026-06-10 08:08,나감,카드 결제,동네편의점,17600,괜찮아요,,0.8244,
2026-06-10 09:21,들어옴,들어온 돈,가상회사 급여,1835000,괜찮아요,,0.9924,
2026-06-10 10:48,나감,카드 결제,김밥집,6700,괜찮아요,,0.5191,
2026-06-10 11:51,나감,카드 결제,온라인 쇼핑몰,211000,꼭 확인해요,처음 가는 곳 큰 금액 결제,0.9695,
2026-06-10 14:21,나감,카드 결제,회사 구내식당,7100,괜찮아요,,0.3969,
2026-06-10 19:39,나감,휴대폰 결제,게임아이템,82000,괜찮아요,,0.9542,
2026-06-11 13:53,나감,카드 결제,분식집,7200,괜찮아요,,0.3664,
2026-06-11 18:33,나감,휴대폰 결제,콘텐츠이용료,33000,괜찮아요,,0.9542,
2026-06-11 20:30,나감,카드 결제,분식집,15900,괜찮아요,,0.5344,
2026-06-12 10:18,나감,카드 결제,회사 구내식당,17900,괜찮아요,,0.5802,
2026-06-12 12:32,나감,카드 결제,회사 구내식당,10100,괜찮아요,,0.5344,
2026-06-12 18:00,나감,카드 결제,약국,7200,괜찮아요,,0.5802,
2026-06-13 09:29,나감,휴대폰 결제,게임아이템,49000,괜찮아요,,0.9695,
2026-06-13 16:48,나감,카드 결제,꽃집,9200,괜찮아요,,0.8015,
2026-06-13 21:04,나감,휴대폰 결제,게임아이템,47000,괜찮아요,,0.9695,
2026-06-14 14:13,나감,휴대폰 결제,모바일상품권,61000,꼭 확인해요,휴대폰 소액결제 급증,0.9695,
2026-06-14 17:41,나감,휴대폰 결제,콘텐츠이용료,74000,꼭 확인해요,휴대폰 소액결제 급증,0.9695,
2026-06-14 21:31,나감,카드 결제,회사 구내식당,13400,괜찮아요,,0.5802,
2026-06-15 11:49,나감,카드 결제,카페,9500,괜찮아요,,0.4733,
2026-06-15 12:44,나감,휴대폰 결제,모바일상품권,91000,꼭 확인해요,휴대폰 소액결제 급증,0.9695,
2026-06-15 13:23,나감,휴대폰 결제,모바일상품권,69000,꼭 확인해요,휴대폰 소액결제 급증,0.9695,
2026-06-15 13:47,나감,휴대폰 결제,모바일상품권,44000,꼭 확인해요,휴대폰 소액결제 급증,0.9695,
2026-06-15 19:03,나감,휴대폰 결제,모바일상품권,93000,꼭 확인해요,휴대폰 소액결제 급증,0.9695,
2026-06-16 01:29,나감,카드 결제,동네편의점,7200,괜찮아요,,0.9160,
2026-06-16 15:50,나감,휴대폰 요금,가나통신,77860,꼭 확인해요,휴대폰 요금 여러 회선,0.9695,
2026-06-17 18:48,나감,카드 결제,회사 구내식당,6500,괜찮아요,,0.1756,
2026-06-17 19:25,나감,카드 결제,동네편의점,20300,괜찮아요,,0.1985,
2026-06-18 20:44,나감,카드 결제,동네편의점,14900,괜찮아요,,0.3206,
2026-06-19 08:01,나감,카드 결제,회사 구내식당,9200,괜찮아요,,0.7252,
2026-06-19 18:17,나감,카드 결제,분식집,9400,괜찮아요,,0.2061,
2026-06-20 16:34,나감,카드 결제,생활용품점,26300,괜찮아요,,0.4504,
2026-06-21 18:23,나감,카드 결제,카페,5800,괜찮아요,,0.1832,
2026-06-22 12:08,나감,카드 결제,동네편의점,13200,괜찮아요,,0.1756,
2026-06-22 12:38,나감,카드 결제,동네마트,7700,괜찮아요,,0.1527,
2026-06-23 10:28,나감,카드 결제,회사 구내식당,21300,괜찮아요,,0.3740,
2026-06-23 18:14,나감,카드 결제,꽃집,11500,괜찮아요,,0.2672,
2026-06-25 02:00,나감,계좌 이체,김*호,280000,괜찮아요,,0.9771,
2026-06-25 10:40,나감,휴대폰 요금,가나통신,53240,괜찮아요,,0.7405,
2026-06-25 15:18,나감,카드 결제,동네편의점,4600,괜찮아요,,0.2214,
2026-06-25 20:15,나감,카드 결제,동네편의점,19200,괜찮아요,,0.3969,
2026-06-26 02:14,나감,계좌 이체,김*호,320000,꼭 확인해요,"밤 시간 잦은 이체, 한 사람에게 송금 집중",0.9695,
2026-06-26 02:22,나감,계좌 이체,김*호,190000,꼭 확인해요,"밤 시간 잦은 이체, 한 사람에게 송금 집중",0.9771,
2026-06-26 09:35,나감,휴대폰 요금,다라모바일,59990,꼭 확인해요,휴대폰 요금 여러 회선,0.9771,
2026-06-26 10:06,나감,카드 결제,생활용품점,93000,괜찮아요,,0.6947,
2026-06-26 12:23,나감,카드 결제,동네마트,11300,괜찮아요,,0.0305,
2026-06-26 13:24,나감,카드 결제,분식집,15000,괜찮아요,,0.1603,
2026-06-27 04:41,나감,계좌 이체,김*호,360000,꼭 확인해요,"밤 시간 잦은 이체, 한 사람에게 송금 집중",0.9771,
2026-06-27 20:09,나감,카드 결제,회사 구내식당,18900,괜찮아요,,0.1908,
2026-06-28 15:09,나감,카드 결제,동네편의점,7900,괜찮아요,,0.1985,
2026-06-28 15:30,나감,현금 찾기,ATM,50000,괜찮아요,,0.7405,
2026-06-29 20:47,나감,카드 결제,동네편의점,13300,괜찮아요,,0.3740,
