거래일시,적요,출금액,입금액,내용,잔액
2026.08.15 12:03:55,체크카드,"5,200",0,카페,"2,597,040"
2026.08.15 03:24:05,모바일이체,"250,000",0,김*호,"2,602,240"
2026.08.14 08:50:37,체크카드,"9,600",0,분식집,"2,852,240"
2026.08.14 02:17:05,모바일이체,"300,000",0,김*호,"2,861,840"
2026.08.13 01:10:05,모바일이체,"200,000",0,김*호,"3,161,840"
2026.08.12 16:57:46,체크카드,"6,200",0,카페,"3,361,840"
2026.08.10 15:39:12,체크카드,"6,700",0,분식집,"3,368,040"
2026.08.10 09:39:26,급여,0,"1,900,000",가상회사,"3,374,740"
2026.08.08 19:30:03,모바일이체,"50,000",0,엄마,"1,474,740"
2026.08.08 14:52:11,체크카드,"13,000",0,동네마트,"1,524,740"
2026.08.06 08:34:20,체크카드,"28,400",0,약국,"1,537,740"
2026.08.04 12:49:44,체크카드,"2,000",0,카페,"1,566,140"
2026.08.02 11:57:19,체크카드,"15,400",0,약국,"1,568,140"
2026.08.01 17:56:33,체크카드,"11,400",0,동네마트,"1,583,540"
2026.08.01 13:44:06,ATM출금,"50,000",0,ATM,"1,594,940"
2026.08.01 11:05:21,모바일이체,"450,000",0,집주인,"1,644,940"
2026.07.31 14:10:28,체크카드,"7,000",0,약국,"2,094,940"
2026.07.29 11:26:11,체크카드,"10,600",0,약국,"2,101,940"
2026.07.28 17:43:50,체크카드,"4,200",0,카페,"2,112,540"
2026.07.28 11:19:36,모바일이체,"50,000",0,엄마,"2,116,740"
2026.07.27 18:52:59,체크카드,"18,700",0,동네마트,"2,166,740"
2026.07.25 12:34:23,체크카드,"5,600",0,동네편의점,"2,185,440"
2026.07.25 10:01:14,자동이체,"55,120",0,가나통신 010-****-1234,"2,191,040"
2026.07.23 12:38:13,체크카드,"4,700",0,카페,"2,246,160"
2026.07.21 17:36:24,체크카드,"9,200",0,동네편의점,"2,250,860"
2026.07.20 18:45:55,모바일이체,"30,000",0,동생,"2,260,060"
2026.07.20 10:34:56,자동이체,"82,300",0,관리비,"2,290,060"
2026.07.19 12:48:05,체크카드,"20,800",0,동네마트,"2,372,360"
2026.07.18 13:06:27,체크카드,"10,400",0,분식집,"2,393,160"
2026.07.17 08:25:28,체크카드,"28,200",0,동네마트,"2,403,560"
2026.07.16 14:36:54,체크카드,"8,200",0,카페,"2,431,760"
2026.07.16 12:44:14,모바일이체,"50,000",0,엄마,"2,439,960"
2026.07.15 13:16:33,체크카드,"5,500",0,동네편의점,"2,489,960"
2026.07.13 20:59:18,휴대폰결제,"5,500",0,게임아이템,"2,495,460"
2026.07.13 11:04:48,체크카드,"9,200",0,동네편의점,"2,500,960"
2026.07.11 18:08:51,체크카드,"10,700",0,카페,"2,510,160"
2026.07.10 09:46:27,급여,0,"1,900,000",가상회사,"2,520,860"
2026.07.09 17:50:11,ATM출금,"50,000",0,ATM,"620,860"
2026.07.09 16:28:09,체크카드,"16,500",0,동네마트,"670,860"
2026.07.07 09:10:43,체크카드,"5,900",0,동네편의점,"687,360"
2026.07.05 19:35:42,체크카드,"4,000",0,카페,"693,260"
2026.07.05 17:08:11,모바일이체,"50,000",0,엄마,"697,260"
2026.07.03 18:41:15,체크카드,"24,900",0,동네마트,"747,260"
2026.07.02 13:41:44,체크카드,"6,900",0,카페,"772,160"
2026.07.01 12:47:19,체크카드,"5,500",0,카페,"779,060"
2026.07.01 11:35:25,모바일이체,"450,000",0,집주인,"784,560"
