id,ts,amount,direction,channel,counterparty,counterparty_id,line_id,memo,label
t00001,2026-03-03T12:58:08,5400,out,micropay,게임아이템,MP-GAME,010-****-9012,휴대폰결제,normal
t00002,2026-03-03T13:10:44,4200,out,card,동네편의점,M-3002,,체크카드,normal
t00003,2026-03-04T19:15:05,4500,out,card,학교 매점,M-3001,,체크카드,normal
t00004,2026-03-05T10:23:49,25920,out,telecom_bill,가나통신,TEL-GANA,010-****-9012,통신요금,normal
t00005,2026-03-05T12:55:11,3400,out,card,동네편의점,M-3002,,체크카드,normal
t00006,2026-03-05T15:37:52,4600,out,card,학교 매점,M-3001,,체크카드,normal
t00007,2026-03-05T19:39:23,5000,out,card,문구점,M-3004,,체크카드,normal
t00008,2026-03-07T11:03:17,2900,out,card,학교 매점,M-3001,,체크카드,normal
t00009,2026-03-09T16:12:02,10000,out,atm,ATM,ATM,,ATM출금,normal
t00010,2026-03-10T20:44:29,5800,out,card,학교 매점,M-3001,,체크카드,normal
t00011,2026-03-11T15:28:27,15900,out,card,동네편의점,M-3002,,체크카드,normal
t00012,2026-03-11T17:19:55,7800,out,card,동네편의점,M-3002,,체크카드,normal
t00013,2026-03-11T18:23:34,11800,out,card,동네편의점,M-3002,,체크카드,normal
t00014,2026-03-12T16:24:49,8200,out,card,학교 매점,M-3001,,체크카드,normal
t00015,2026-03-12T17:01:10,13400,out,micropay,웹툰 이용료,MP-TOON,010-****-9012,휴대폰결제,normal
t00016,2026-03-13T09:46:07,7400,out,card,학교 매점,M-3001,,체크카드,normal
t00017,2026-03-14T13:00:27,5700,out,card,동네편의점,M-3002,,체크카드,normal
t00018,2026-03-14T14:40:28,16900,out,card,PC방,M-3005,,체크카드,normal
t00019,2026-03-15T08:39:23,7300,out,card,동네편의점,M-3002,,체크카드,normal
t00020,2026-03-15T13:38:17,2100,out,card,학교 매점,M-3001,,체크카드,normal
t00021,2026-03-16T11:51:32,3300,out,card,분식집,M-3003,,체크카드,normal
t00022,2026-03-17T17:00:35,4500,out,card,학교 매점,M-3001,,체크카드,normal
t00023,2026-03-18T18:37:32,3000,out,card,동네편의점,M-3002,,체크카드,normal
t00024,2026-03-18T21:50:14,10000,out,transfer,장*혁,900-8336-372879,,모바일이체,normal
t00025,2026-03-19T13:30:51,10000,out,transfer,친구 민수,900-0303-300002,,모바일이체,normal
t00026,2026-03-19T15:54:31,4000,out,card,학교 매점,M-3001,,체크카드,normal
t00027,2026-03-19T20:15:16,3100,out,card,분식집,M-3003,,체크카드,normal
t00028,2026-03-20T09:08:57,9900,out,card,동네편의점,M-3002,,체크카드,normal
t00029,2026-03-20T19:39:41,5800,out,card,동네편의점,M-3002,,체크카드,normal
t00030,2026-03-20T20:13:56,10000,out,transfer,친구 민수,900-0303-300002,,모바일이체,normal
t00031,2026-03-21T01:58:26,2500,out,card,학교 매점,M-3001,,체크카드,normal
t00032,2026-03-21T19:24:41,50000,out,atm,ATM,ATM,,ATM출금,normal
t00033,2026-03-21T20:13:10,8300,out,card,학교 매점,M-3001,,체크카드,normal
t00034,2026-03-23T12:43:48,11700,out,card,PC방,M-3005,,체크카드,normal
t00035,2026-03-23T13:14:32,9500,out,card,동네편의점,M-3002,,체크카드,normal
t00036,2026-03-23T23:27:45,11400,out,card,학교 매점,M-3001,,체크카드,normal
t00037,2026-03-24T12:52:54,3100,out,card,동네편의점,M-3002,,체크카드,normal
t00038,2026-03-26T17:59:43,15000,out,transfer,아빠,900-0303-300001,,모바일이체,normal
t00039,2026-03-26T20:00:31,6500,out,card,동네편의점,M-3002,,체크카드,normal
t00040,2026-03-27T19:22:23,4200,out,card,분식집,M-3003,,체크카드,normal
t00041,2026-03-28T00:03:06,5900,out,card,학교 매점,M-3001,,체크카드,normal
t00042,2026-03-28T11:44:51,11800,out,micropay,게임아이템,MP-GAME,010-****-9012,휴대폰결제,normal
t00043,2026-03-28T18:49:03,9700,out,card,동네편의점,M-3002,,체크카드,normal
t00044,2026-03-30T13:20:00,6700,out,card,문구점,M-3004,,체크카드,normal
t00045,2026-03-30T16:40:07,1900,out,card,동네편의점,M-3002,,체크카드,normal
t00046,2026-03-30T19:18:58,4100,out,card,분식집,M-3003,,체크카드,normal
t00047,2026-03-31T08:02:38,4700,out,card,학교 매점,M-3001,,체크카드,normal
t00048,2026-04-01T10:02:06,8300,out,card,동네편의점,M-3002,,체크카드,normal
t00049,2026-04-01T10:43:52,300000,in,income,아빠 용돈,900-0303-300001,,입금,normal
t00050,2026-04-01T19:32:09,7900,out,card,동네편의점,M-3002,,체크카드,normal
t00051,2026-04-02T13:55:56,7500,out,card,분식집,M-3003,,체크카드,normal
t00052,2026-04-03T11:59:55,2800,out,micropay,게임아이템,MP-GAME,010-****-9012,휴대폰결제,normal
t00053,2026-04-03T15:19:15,6100,out,card,동네편의점,M-3002,,체크카드,normal
t00054,2026-04-04T15:06:55,15000,out,transfer,친구 지우,900-0303-300003,,모바일이체,normal
t00055,2026-04-05T10:10:50,24960,out,telecom_bill,가나통신,TEL-GANA,010-****-9012,통신요금,normal
t00056,2026-04-06T12:07:52,2000,out,card,문구점,M-3004,,체크카드,normal
t00057,2026-04-06T14:22:38,4800,out,card,동네편의점,M-3002,,체크카드,normal
t00058,2026-04-08T12:30:03,8000,out,card,학교 매점,M-3001,,체크카드,normal
t00059,2026-04-08T23:19:44,21200,out,card,학교 매점,M-3001,,체크카드,normal
t00060,2026-04-09T13:59:42,9400,out,card,동네편의점,M-3002,,체크카드,normal
t00061,2026-04-09T14:00:20,10200,out,card,학교 매점,M-3001,,체크카드,normal
t00062,2026-04-09T14:02:38,8100,out,card,학교 매점,M-3001,,체크카드,normal
t00063,2026-04-10T12:56:09,6900,out,micropay,음원 이용료,MP-MUSIC,010-****-9012,휴대폰결제,normal
t00064,2026-04-11T18:44:28,15000,out,transfer,아빠,900-0303-300001,,모바일이체,normal
t00065,2026-04-11T19:12:19,9300,out,micropay,웹툰 이용료,MP-TOON,010-****-9012,휴대폰결제,normal
t00066,2026-04-12T01:07:55,2400,out,card,학교 매점,M-3001,,체크카드,normal
t00067,2026-04-12T14:09:31,3300,out,card,학교 매점,M-3001,,체크카드,normal
t00068,2026-04-12T21:06:31,3300,out,card,학교 매점,M-3001,,체크카드,normal
t00069,2026-04-13T12:54:52,10100,out,card,문구점,M-3004,,체크카드,normal
t00070,2026-04-14T10:49:31,4300,out,card,동네편의점,M-3002,,체크카드,normal
t00071,2026-04-14T15:08:06,8300,out,card,PC방,M-3005,,체크카드,normal
t00072,2026-04-14T18:05:19,3900,out,micropay,음원 이용료,MP-MUSIC,010-****-9012,휴대폰결제,normal
t00073,2026-04-15T12:07:07,4800,out,card,분식집,M-3003,,체크카드,normal
t00074,2026-04-15T12:24:52,6300,out,card,학교 매점,M-3001,,체크카드,normal
t00075,2026-04-17T13:15:20,5900,out,card,동네편의점,M-3002,,체크카드,normal
t00076,2026-04-18T11:55:37,8100,out,card,분식집,M-3003,,체크카드,normal
t00077,2026-04-18T20:24:22,100000,out,atm,ATM,ATM,,ATM출금,normal
t00078,2026-04-19T20:44:05,12300,out,card,동네편의점,M-3002,,체크카드,normal
t00079,2026-04-20T12:04:25,4600,out,card,학교 매점,M-3001,,체크카드,normal
t00080,2026-04-20T14:15:20,4500,out,card,동네편의점,M-3002,,체크카드,normal
t00081,2026-04-20T16:09:13,7200,out,card,문구점,M-3004,,체크카드,normal
t00082,2026-04-20T23:19:42,5800,out,card,학교 매점,M-3001,,체크카드,normal
t00083,2026-04-21T08:46:34,5400,out,card,동네편의점,M-3002,,체크카드,normal
t00084,2026-04-21T14:36:39,2100,out,card,학교 매점,M-3001,,체크카드,normal
t00085,2026-04-22T10:37:14,17000,out,card,동네편의점,M-3002,,체크카드,normal
t00086,2026-04-22T10:54:59,9300,out,card,학교 매점,M-3001,,체크카드,normal
t00087,2026-04-22T12:20:24,2900,out,card,동네편의점,M-3002,,체크카드,normal
t00088,2026-04-22T23:52:22,2100,out,card,학교 매점,M-3001,,체크카드,normal
t00089,2026-04-23T01:58:50,7700,out,card,학교 매점,M-3001,,체크카드,normal
t00090,2026-04-23T13:58:13,11700,out,card,분식집,M-3003,,체크카드,normal
t00091,2026-04-24T13:58:20,5400,out,card,학교 매점,M-3001,,체크카드,normal
t00092,2026-04-24T19:33:06,4500,out,card,학교 매점,M-3001,,체크카드,normal
t00093,2026-04-25T13:10:29,2900,out,card,문구점,M-3004,,체크카드,normal
t00094,2026-04-25T19:59:13,3700,out,card,문구점,M-3004,,체크카드,normal
t00095,2026-04-26T09:27:44,8700,out,card,동네편의점,M-3002,,체크카드,normal
t00096,2026-04-26T16:41:07,6700,out,card,동네편의점,M-3002,,체크카드,normal
t00097,2026-04-27T18:46:41,2300,out,card,학교 매점,M-3001,,체크카드,normal
t00098,2026-04-27T23:20:25,3100,out,card,학교 매점,M-3001,,체크카드,normal
t00099,2026-04-28T15:23:29,3600,out,card,PC방,M-3005,,체크카드,normal
t00100,2026-04-28T21:01:41,13600,out,card,동네편의점,M-3002,,체크카드,normal
t00101,2026-04-29T10:23:31,2900,out,card,PC방,M-3005,,체크카드,normal
t00102,2026-04-29T20:31:53,3600,out,card,문구점,M-3004,,체크카드,normal
t00103,2026-04-30T10:32:17,30000,out,atm,ATM,ATM,,ATM출금,normal
t00104,2026-04-30T11:52:52,3700,out,card,분식집,M-3003,,체크카드,normal
t00105,2026-04-30T13:37:40,16400,out,card,PC방,M-3005,,체크카드,normal
t00106,2026-05-01T10:44:57,300000,in,income,아빠 용돈,900-0303-300001,,입금,normal
t00107,2026-05-01T14:13:38,8300,out,micropay,웹툰 이용료,MP-TOON,010-****-9012,휴대폰결제,normal
t00108,2026-05-01T19:36:07,8500,out,card,학교 매점,M-3001,,체크카드,normal
t00109,2026-05-02T12:23:32,7700,out,micropay,음원 이용료,MP-MUSIC,010-****-9012,휴대폰결제,normal
t00110,2026-05-02T13:23:04,9800,out,card,옷가게,M-8005,,체크카드,normal
t00111,2026-05-02T19:14:04,4100,out,card,신발가게,M-8006,,체크카드,normal
t00112,2026-05-02T20:35:28,7400,out,card,학교 매점,M-3001,,체크카드,normal
t00113,2026-05-03T20:07:35,10000,out,atm,ATM,ATM,,ATM출금,normal
t00114,2026-05-04T15:17:51,10000,out,card,동네편의점,M-3002,,체크카드,normal
t00115,2026-05-05T09:11:36,9800,out,card,분식집,M-3003,,체크카드,normal
t00116,2026-05-05T11:18:56,22740,out,telecom_bill,가나통신,TEL-GANA,010-****-9012,통신요금,normal
t00117,2026-05-05T16:48:55,9100,out,card,문구점,M-3004,,체크카드,normal
t00118,2026-05-05T16:59:16,3100,out,card,학교 매점,M-3001,,체크카드,normal
t00119,2026-05-05T20:53:30,3800,out,card,학교 매점,M-3001,,체크카드,normal
t00120,2026-05-06T11:51:50,7900,out,card,동네편의점,M-3002,,체크카드,normal
t00121,2026-05-07T12:17:56,2800,out,card,동네편의점,M-3002,,체크카드,normal
t00122,2026-05-07T17:12:03,15000,out,transfer,아빠,900-0303-300001,,모바일이체,normal
t00123,2026-05-07T20:12:02,3400,out,card,PC방,M-3005,,체크카드,normal
t00124,2026-05-08T11:21:12,6200,out,card,학교 매점,M-3001,,체크카드,normal
t00125,2026-05-09T20:34:34,8800,out,micropay,음원 이용료,MP-MUSIC,010-****-9012,휴대폰결제,normal
t00126,2026-05-10T20:18:12,11800,out,micropay,음원 이용료,MP-MUSIC,010-****-9012,휴대폰결제,normal
t00127,2026-05-11T11:49:07,2700,out,card,PC방,M-3005,,체크카드,normal
t00128,2026-05-11T14:44:58,10000,out,micropay,게임아이템,MP-GAME,010-****-9012,휴대폰결제,normal
t00129,2026-05-11T19:16:34,4400,out,card,동네편의점,M-3002,,체크카드,normal
t00130,2026-05-11T23:56:53,4100,out,card,학교 매점,M-3001,,체크카드,normal
t00131,2026-05-12T13:18:52,14000,out,card,학교 매점,M-3001,,체크카드,normal
t00132,2026-05-13T01:25:15,9000,out,card,학교 매점,M-3001,,체크카드,normal
t00133,2026-05-13T08:20:51,5200,out,card,문구점,M-3004,,체크카드,normal
t00134,2026-05-13T19:05:39,7700,out,card,분식집,M-3003,,체크카드,normal
t00135,2026-05-14T08:19:00,7700,out,card,학교 매점,M-3001,,체크카드,normal
t00136,2026-05-14T12:11:24,5200,out,card,서점,M-8004,,체크카드,normal
t00137,2026-05-14T12:19:58,3600,out,card,동네편의점,M-3002,,체크카드,normal
t00138,2026-05-14T17:53:21,9700,out,card,동네편의점,M-3002,,체크카드,normal
t00139,2026-05-15T12:27:27,3500,out,micropay,웹툰 이용료,MP-TOON,010-****-9012,휴대폰결제,normal
t00140,2026-05-15T18:30:41,2500,out,card,문구점,M-3004,,체크카드,normal
t00141,2026-05-16T10:50:49,8600,out,card,빵집 2호점,M-8014,,체크카드,normal
t00142,2026-05-16T12:55:23,9500,out,card,PC방,M-3005,,체크카드,normal
t00143,2026-05-16T16:38:31,2800,out,card,학교 매점,M-3001,,체크카드,normal
t00144,2026-05-16T18:57:27,2900,out,card,동네편의점,M-3002,,체크카드,normal
t00145,2026-05-16T19:35:22,6900,out,card,학교 매점,M-3001,,체크카드,normal
t00146,2026-05-16T21:53:00,7000,out,card,PC방,M-3005,,체크카드,normal
t00147,2026-05-17T08:16:03,2700,out,card,학교 매점,M-3001,,체크카드,normal
t00148,2026-05-17T10:19:43,5000,out,card,동네편의점,M-3002,,체크카드,normal
t00149,2026-05-18T08:13:23,3500,out,card,동네편의점,M-3002,,체크카드,normal
t00150,2026-05-18T20:34:46,6900,out,card,학교 매점,M-3001,,체크카드,normal
t00151,2026-05-19T19:01:24,8200,out,card,동네편의점,M-3002,,체크카드,normal
t00152,2026-05-19T21:42:15,4300,out,card,문구점,M-3004,,체크카드,normal
t00153,2026-05-21T15:53:16,7800,out,card,빵집 2호점,M-8014,,체크카드,normal
t00154,2026-05-21T21:14:46,1100,out,micropay,음원 이용료,MP-MUSIC,010-****-9012,휴대폰결제,normal
t00155,2026-05-23T19:50:39,12000,out,micropay,게임아이템,MP-GAME,010-****-9012,휴대폰결제,normal
t00156,2026-05-24T11:52:09,5300,out,card,문구점,M-3004,,체크카드,normal
t00157,2026-05-25T17:56:48,20000,out,atm,ATM,ATM,,ATM출금,normal
t00158,2026-05-25T19:03:53,4200,out,card,학교 매점,M-3001,,체크카드,normal
t00159,2026-05-25T21:50:32,1800,out,card,분식집,M-3003,,체크카드,normal
t00160,2026-05-26T19:30:32,12600,out,micropay,웹툰 이용료,MP-TOON,010-****-9012,휴대폰결제,normal
t00161,2026-05-27T12:55:27,3200,out,card,학교 매점,M-3001,,체크카드,normal
t00162,2026-05-28T10:35:33,8800,out,card,서점,M-8004,,체크카드,normal
t00163,2026-05-29T15:09:52,8200,out,card,학교 매점,M-3001,,체크카드,normal
t00164,2026-05-29T17:32:08,25000,out,transfer,친구 지우,900-0303-300003,,모바일이체,normal
t00165,2026-05-29T19:54:09,9800,out,card,동네편의점,M-3002,,체크카드,normal
t00166,2026-05-30T08:45:03,5800,out,card,학교 매점,M-3001,,체크카드,normal
t00167,2026-05-30T20:15:17,10100,out,card,학교 매점,M-3001,,체크카드,normal
t00168,2026-05-31T21:03:05,8700,out,card,학교 매점,M-3001,,체크카드,normal
t00169,2026-06-01T09:45:18,300000,in,income,아빠 용돈,900-0303-300001,,입금,normal
t00170,2026-06-02T18:18:01,12600,out,card,동네편의점,M-3002,,체크카드,normal
t00171,2026-06-03T08:50:53,50000,out,transfer,박*준,900-8796-938829,,모바일이체,normal
t00172,2026-06-03T12:01:52,3000,out,card,문구점,M-3004,,체크카드,normal
t00173,2026-06-03T18:56:25,25000,out,transfer,아빠,900-0303-300001,,모바일이체,normal
t00174,2026-06-03T19:40:33,3900,out,card,학교 매점,M-3001,,체크카드,normal
t00175,2026-06-04T09:42:02,3200,out,card,PC방,M-3005,,체크카드,normal
t00176,2026-06-04T12:13:06,5300,out,card,학교 매점,M-3001,,체크카드,normal
t00177,2026-06-05T11:26:36,25780,out,telecom_bill,가나통신,TEL-GANA,010-****-9012,통신요금,normal
t00178,2026-06-06T10:34:04,6800,out,card,학교 매점,M-3001,,체크카드,normal
t00179,2026-06-06T12:04:25,10000,out,transfer,아빠,900-0303-300001,,모바일이체,normal
t00180,2026-06-07T09:50:52,10700,out,micropay,음원 이용료,MP-MUSIC,010-****-9012,휴대폰결제,normal
t00181,2026-06-08T13:51:55,4500,out,micropay,게임아이템,MP-GAME,010-****-9012,휴대폰결제,normal
t00182,2026-06-08T21:02:37,7500,out,card,동네편의점,M-3002,,체크카드,normal
t00183,2026-06-10T17:33:47,8500,out,card,분식집,M-3003,,체크카드,normal
t00184,2026-06-10T19:47:13,5800,out,card,동네편의점,M-3002,,체크카드,normal
t00185,2026-06-14T20:41:07,5500,out,card,PC방,M-3005,,체크카드,normal
t00186,2026-06-15T09:44:59,3800,out,card,학교 매점,M-3001,,체크카드,normal
t00187,2026-06-15T09:57:02,7300,out,card,학교 매점,M-3001,,체크카드,normal
t00188,2026-06-16T09:54:28,12400,out,micropay,웹툰 이용료,MP-TOON,010-****-9012,휴대폰결제,normal
t00189,2026-06-17T11:40:21,10200,out,card,학교 매점,M-3001,,체크카드,normal
t00190,2026-06-17T23:34:34,10400,out,card,학교 매점,M-3001,,체크카드,normal
t00191,2026-06-18T18:07:07,3700,out,card,학교 매점,M-3001,,체크카드,normal
t00192,2026-06-18T18:44:35,16800,out,card,문구점,M-3004,,체크카드,normal
t00193,2026-06-20T18:08:30,3400,out,card,분식집,M-3003,,체크카드,normal
t00194,2026-06-21T18:13:04,4800,out,card,학교 매점,M-3001,,체크카드,normal
t00195,2026-06-21T19:26:25,4200,out,card,분식집,M-3003,,체크카드,normal
t00196,2026-06-23T19:01:54,3200,out,card,분식집,M-3003,,체크카드,normal
t00197,2026-06-23T19:10:04,5800,out,card,분식집,M-3003,,체크카드,normal
t00198,2026-06-23T21:13:57,1700,out,card,PC방,M-3005,,체크카드,normal
t00199,2026-06-27T08:42:02,3600,out,card,분식집,M-3003,,체크카드,normal
t00200,2026-06-27T08:48:22,8100,out,card,동네편의점,M-3002,,체크카드,normal
t00201,2026-06-27T12:33:44,7200,out,card,동네편의점,M-3002,,체크카드,normal
t00202,2026-06-27T13:02:45,4400,out,card,학교 매점,M-3001,,체크카드,normal
t00203,2026-06-27T23:04:55,2700,out,card,학교 매점,M-3001,,체크카드,normal
t00204,2026-06-29T08:14:10,4700,out,card,동네편의점,M-3002,,체크카드,normal
